probe_index,subject,condition,condition_family,view,rank,top1_subject,top1_score
0,075,cl-01,clothing,000,1,075,0.8751015067100525
1,075,cl-01,clothing,090,1,075,0.8965073227882385
2,075,cl-01,clothing,180,1,075,0.8787617683410645
3,075,cl-02,clothing,000,1,075,0.9692562222480774
4,075,cl-02,clothing,090,1,075,0.8917418718338013
5,075,cl-02,clothing,180,1,075,0.9158545136451721
9,075,nm-02,normal,000,1,075,0.9419699907302856
10,075,nm-02,normal,090,1,075,0.9628216028213501
11,075,nm-02,normal,180,1,075,0.9644400477409363
12,075,nm-03,normal,000,1,075,0.9658329486846924
13,075,nm-03,normal,090,1,075,0.9247734546661377
14,075,nm-03,normal,180,1,075,0.9662674069404602
15,075,nm-04,normal,000,1,075,0.9499348998069763
16,075,nm-04,normal,090,1,075,0.8851302266120911
17,075,nm-04,normal,180,1,075,0.9679839015007019
18,075,nm-05,normal,000,1,075,0.9213094711303711
19,075,nm-05,normal,090,1,075,0.898319661617279
20,075,nm-05,normal,180,1,075,0.9822947978973389
21,075,nm-06,normal,000,1,075,0.9581775665283203
22,075,nm-06,normal,090,1,075,0.88484787940979
23,075,nm-06,normal,180,1,075,0.9683834910392761
24,076,cl-01,clothing,000,6,087,0.8424823880195618
25,076,cl-01,clothing,090,2,113,0.8835683465003967
26,076,cl-01,clothing,180,1,076,0.8901346325874329
27,076,cl-02,clothing,000,6,117,0.8799715638160706
28,076,cl-02,clothing,090,4,080,0.8206735849380493
29,076,cl-02,clothing,180,2,080,0.885995090007782
33,076,nm-02,normal,000,1,076,0.9617520570755005
34,076,nm-02,normal,090,1,076,0.9365490674972534
35,076,nm-02,normal,180,1,076,0.9391177892684937
36,076,nm-03,normal,000,1,076,0.9213026165962219
37,076,nm-03,normal,090,1,076,0.9164994359016418
38,076,nm-03,normal,180,1,076,0.9696869254112244
39,076,nm-04,normal,000,1,076,0.9285661578178406
40,076,nm-04,normal,090,1,076,0.9442352652549744
41,076,nm-04,normal,180,1,076,0.9155853986740112
42,076,nm-05,normal,000,1,076,0.9728608131408691
43,076,nm-05,normal,090,1,076,0.9677633047103882
44,076,nm-05,normal,180,1,076,0.8708730936050415
45,076,nm-06,normal,000,1,076,0.9292945861816406
46,076,nm-06,normal,090,1,076,0.929252564907074
47,076,nm-06,normal,180,1,076,0.8690708875656128
48,077,cl-01,clothing,000,2,106,0.8740386366844177
49,077,cl-01,clothing,090,3,105,0.8839299082756042
50,077,cl-01,clothing,180,3,075,0.8987783789634705
51,077,cl-02,clothing,000,1,077,0.8486983180046082
52,077,cl-02,clothing,090,1,077,0.9253458976745605
53,077,cl-02,clothing,180,1,077,0.858547568321228
57,077,nm-02,normal,000,1,077,0.939453125
58,077,nm-02,normal,090,1,077,0.9339599609375
59,077,nm-02,normal,180,2,081,0.9253955483436584
60,077,nm-03,normal,000,1,077,0.9587250351905823
61,077,nm-03,normal,090,1,077,0.9846522212028503
62,077,nm-03,normal,180,1,077,0.9962474703788757
63,077,nm-04,normal,000,1,077,0.9660115838050842
64,077,nm-04,normal,090,1,077,0.9750795960426331
65,077,nm-04,normal,180,1,077,0.9794790744781494
66,077,nm-05,normal,000,1,077,0.9576180577278137
67,077,nm-05,normal,090,1,077,0.9297343492507935
68,077,nm-05,normal,180,1,077,0.937381386756897
69,077,nm-06,normal,000,2,075,0.9021596908569336
70,077,nm-06,normal,090,1,077,0.8823134303092957
71,077,nm-06,normal,180,1,077,0.9773094654083252
72,078,cl-01,clothing,000,29,084,0.775285005569458
73,078,cl-01,clothing,090,26,101,0.8258795142173767
74,078,cl-01,clothing,180,15,101,0.6486678719520569
75,078,cl-02,clothing,000,17,084,0.6637884378433228
76,078,cl-02,clothing,090,10,117,0.9073987603187561
77,078,cl-02,clothing,180,24,101,0.8019619584083557
81,078,nm-02,normal,000,1,078,0.9621090292930603
82,078,nm-02,normal,090,1,078,0.952393114566803
83,078,nm-02,normal,180,1,078,0.956784725189209
84,078,nm-03,normal,000,1,078,0.9585452079772949
85,078,nm-03,normal,090,1,078,0.9859433770179749
86,078,nm-03,normal,180,1,078,0.9804424047470093
87,078,nm-04,normal,000,1,078,0.9703877568244934
88,078,nm-04,normal,090,1,078,0.9134694337844849
89,078,nm-04,normal,180,2,098,0.9719117283821106
90,078,nm-05,normal,000,1,078,0.9291324615478516
91,078,nm-05,normal,090,1,078,0.9533405303955078
92,078,nm-05,normal,180,1,078,0.9739875197410583
93,078,nm-06,normal,000,1,078,0.9515261054039001
94,078,nm-06,normal,090,1,078,0.8522533774375916
95,078,nm-06,normal,180,1,078,0.9605384469032288
96,079,cl-01,clothing,000,16,092,0.9092230200767517
97,079,cl-01,clothing,090,13,098,0.8727467656135559
98,079,cl-01,clothing,180,12,087,0.8338214755058289
99,079,cl-02,clothing,000,12,098,0.8677714467048645
100,079,cl-02,clothing,090,14,098,0.8972181677818298
101,079,cl-02,clothing,180,8,122,0.8695276379585266
105,079,nm-02,normal,000,1,079,0.9258564710617065
106,079,nm-02,normal,090,1,079,0.8953632116317749
107,079,nm-02,normal,180,1,079,0.9577963352203369
108,079,nm-03,normal,000,1,079,0.9093299508094788
109,079,nm-03,normal,090,1,079,0.8497998118400574
110,079,nm-03,normal,180,1,079,0.8971383571624756
111,079,nm-04,normal,000,1,079,0.9030888676643372
112,079,nm-04,normal,090,1,079,0.9087393283843994
113,079,nm-04,normal,180,1,079,0.9237537384033203
114,079,nm-05,normal,000,1,079,0.89545738697052
115,079,nm-05,normal,090,1,079,0.8870750665664673
116,079,nm-05,normal,180,1,079,0.9464579820632935
117,079,nm-06,normal,000,1,079,0.9016025066375732
118,079,nm-06,normal,090,1,079,0.9128547310829163
119,079,nm-06,normal,180,1,079,0.9715679883956909
120,080,cl-01,clothing,000,2,087,0.9330686926841736
121,080,cl-01,clothing,090,1,080,0.8443597555160522
122,080,cl-01,clothing,180,3,087,0.9343543648719788
123,080,cl-02,clothing,000,1,080,0.9057801365852356
124,080,cl-02,clothing,090,1,080,0.7882778644561768
125,080,cl-02,clothing,180,4,087,0.9242448806762695
129,080,nm-02,normal,000,1,080,0.9437808990478516
130,080,nm-02,normal,090,3,111,0.8924964070320129
131,080,nm-02,normal,180,1,080,0.9373149275779724
132,080,nm-03,normal,000,1,080,0.9421980977058411
133,080,nm-03,normal,090,2,111,0.8330647349357605
134,080,nm-03,normal,180,1,080,0.9663057327270508
135,080,nm-04,normal,000,7,082,0.8786399364471436
136,080,nm-04,normal,090,4,111,0.9407674670219421
137,080,nm-04,normal,180,2,087,0.8712368011474609
138,080,nm-05,normal,000,5,087,0.8356941342353821
139,080,nm-05,normal,090,1,080,0.8136034607887268
140,080,nm-05,normal,180,1,080,0.9180871248245239
141,080,nm-06,normal,000,1,080,0.8804992437362671
142,080,nm-06,normal,090,1,080,0.8082208633422852
143,080,nm-06,normal,180,1,080,0.9025662541389465
144,081,cl-01,clothing,000,5,114,0.7562327980995178
145,081,cl-01,clothing,090,6,092,0.872129499912262
146,081,cl-01,clothing,180,1,081,0.9383228421211243
147,081,cl-02,clothing,000,4,119,0.8206847310066223
148,081,cl-02,clothing,090,2,092,0.8920215368270874
149,081,cl-02,clothing,180,1,081,0.8880189657211304
153,081,nm-02,normal,000,1,081,0.9680011868476868
154,081,nm-02,normal,090,1,081,0.9226722121238708
155,081,nm-02,normal,180,1,081,0.9729259014129639
156,081,nm-03,normal,000,2,075,0.9623904228210449
157,081,nm-03,normal,090,1,081,0.9234955906867981
158,081,nm-03,normal,180,2,075,0.9685253500938416
159,081,nm-04,normal,000,2,075,0.970556378364563
160,081,nm-04,normal,090,1,081,0.930001974105835
161,081,nm-04,normal,180,3,075,0.9223702549934387
162,081,nm-05,normal,000,1,081,0.9626759886741638
163,081,nm-05,normal,090,1,081,0.9329797029495239
164,081,nm-05,normal,180,1,081,0.9499632716178894
165,081,nm-06,normal,000,1,081,0.9805647730827332
166,081,nm-06,normal,090,1,081,0.9260937571525574
167,081,nm-06,normal,180,1,081,0.9508811831474304
168,082,cl-01,clothing,000,6,118,0.8139970898628235
169,082,cl-01,clothing,090,3,118,0.8754975199699402
170,082,cl-01,clothing,180,4,118,0.8442050218582153
171,082,cl-02,clothing,000,5,118,0.9374938011169434
172,082,cl-02,clothing,090,5,118,0.9193180799484253
173,082,cl-02,clothing,180,2,118,0.9264764785766602
177,082,nm-02,normal,000,1,082,0.8608420491218567
178,082,nm-02,normal,090,1,082,0.869265079498291
179,082,nm-02,normal,180,1,082,0.9229408502578735
180,082,nm-03,normal,000,2,118,0.9556691646575928
181,082,nm-03,normal,090,1,082,0.8819712400436401
182,082,nm-03,normal,180,1,082,0.9328762888908386
183,082,nm-04,normal,000,2,118,0.9408989548683167
184,082,nm-04,normal,090,1,082,0.9479020237922668
185,082,nm-04,normal,180,1,082,0.9646778702735901
186,082,nm-05,normal,000,2,118,0.9505863189697266
187,082,nm-05,normal,090,1,082,0.954705536365509
188,082,nm-05,normal,180,1,082,0.9501714706420898
189,082,nm-06,normal,000,2,118,0.9144713282585144
190,082,nm-06,normal,090,1,082,0.8749001026153564
191,082,nm-06,normal,180,1,082,0.9534883499145508
192,083,cl-01,clothing,000,1,083,0.8756645321846008
193,083,cl-01,clothing,090,1,083,0.883103609085083
194,083,cl-01,clothing,180,1,083,0.8328139781951904
195,083,cl-02,clothing,000,1,083,0.8550000190734863
196,083,cl-02,clothing,090,1,083,0.8426201343536377
197,083,cl-02,clothing,180,1,083,0.8541741967201233
201,083,nm-02,normal,000,1,083,0.9809417128562927
202,083,nm-02,normal,090,1,083,0.9430151581764221
203,083,nm-02,normal,180,1,083,0.967106819152832
204,083,nm-03,normal,000,1,083,0.9917922616004944
205,083,nm-03,normal,090,1,083,0.9610331654548645
206,083,nm-03,normal,180,1,083,0.9670862555503845
207,083,nm-04,normal,000,1,083,0.9625241160392761
208,083,nm-04,normal,090,1,083,0.9537993669509888
209,083,nm-04,normal,180,1,083,0.9771358370780945
210,083,nm-05,normal,000,1,083,0.9787909388542175
211,083,nm-05,normal,090,1,083,0.915529727935791
212,083,nm-05,normal,180,1,083,0.9069400429725647
213,083,nm-06,normal,000,1,083,0.9866636991500854
214,083,nm-06,normal,090,1,083,0.9508084654808044
215,083,nm-06,normal,180,1,083,0.9743725657463074
216,084,cl-01,clothing,000,1,084,0.8380979895591736
217,084,cl-01,clothing,090,1,084,0.9007861614227295
218,084,cl-01,clothing,180,1,084,0.9330977201461792
219,084,cl-02,clothing,000,1,084,0.9224523901939392
220,084,cl-02,clothing,090,1,084,0.8872100114822388
221,084,cl-02,clothing,180,2,095,0.9305776357650757
225,084,nm-02,normal,000,1,084,0.9249114990234375
226,084,nm-02,normal,090,1,084,0.9316180944442749
227,084,nm-02,normal,180,1,084,0.9712620377540588
228,084,nm-03,normal,000,1,084,0.9313682913780212
229,084,nm-03,normal,090,1,084,0.9494326114654541
230,084,nm-03,normal,180,1,084,0.9617890119552612
231,084,nm-04,normal,000,1,084,0.945284366607666
232,084,nm-04,normal,090,1,084,0.9771265387535095
233,084,nm-04,normal,180,1,084,0.9247948527336121
234,084,nm-05,normal,000,1,084,0.9231973886489868
235,084,nm-05,normal,090,1,084,0.9900293350219727
236,084,nm-05,normal,180,1,084,0.9786564111709595
237,084,nm-06,normal,000,1,084,0.9511589407920837
238,084,nm-06,normal,090,1,084,0.9519467949867249
239,084,nm-06,normal,180,1,084,0.9777010083198547
240,085,cl-01,clothing,000,6,119,0.8993753790855408
241,085,cl-01,clothing,090,4,095,0.943116307258606
242,085,cl-01,clothing,180,1,085,0.8911659121513367
243,085,cl-02,clothing,000,1,085,0.9324769377708435
244,085,cl-02,clothing,090,2,094,0.9591208100318909
245,085,cl-02,clothing,180,1,085,0.9425987601280212
249,085,nm-02,normal,000,5,116,0.8385719060897827
250,085,nm-02,normal,090,3,092,0.9121271371841431
251,085,nm-02,normal,180,1,085,0.9471539855003357
252,085,nm-03,normal,000,1,085,0.944518506526947
253,085,nm-03,normal,090,1,085,0.8622825741767883
254,085,nm-03,normal,180,1,085,0.940081775188446
255,085,nm-04,normal,000,3,087,0.8682196140289307
256,085,nm-04,normal,090,5,089,0.9048950672149658
257,085,nm-04,normal,180,3,116,0.8878735899925232
258,085,nm-05,normal,000,4,087,0.8355433344841003
259,085,nm-05,normal,090,1,085,0.9790275692939758
260,085,nm-05,normal,180,3,087,0.895548939704895
261,085,nm-06,normal,000,5,087,0.8072760105133057
262,085,nm-06,normal,090,1,085,0.9197080135345459
263,085,nm-06,normal,180,3,116,0.8786400556564331
264,086,cl-01,clothing,000,2,080,0.845309853553772
265,086,cl-01,clothing,090,4,105,0.9401238560676575
266,086,cl-01,clothing,180,1,086,0.8820827603340149
267,086,cl-02,clothing,000,1,086,0.891137957572937
268,086,cl-02,clothing,090,4,105,0.9099698066711426
269,086,cl-02,clothing,180,1,086,0.9578673243522644
273,086,nm-02,normal,000,1,086,0.9240710139274597
274,086,nm-02,normal,090,1,086,0.9692659378051758
275,086,nm-02,normal,180,1,086,0.9308318495750427
276,086,nm-03,normal,000,1,086,0.9773203730583191
277,086,nm-03,normal,090,1,086,0.9518175721168518
278,086,nm-03,normal,180,1,086,0.9835984706878662
279,086,nm-04,normal,000,1,086,0.9688447117805481
280,086,nm-04,normal,090,2,075,0.9457963705062866
281,086,nm-04,normal,180,1,086,0.9309927225112915
282,086,nm-05,normal,000,1,086,0.9776527881622314
283,086,nm-05,normal,090,2,099,0.9150586724281311
284,086,nm-05,normal,180,1,086,0.9295844435691833
285,086,nm-06,normal,000,2,099,0.8605280518531799
286,086,nm-06,normal,090,1,086,0.908845841884613
287,086,nm-06,normal,180,1,086,0.9550608992576599
288,087,cl-01,clothing,000,1,087,0.9055556654930115
289,087,cl-01,clothing,090,3,085,0.8590207695960999
290,087,cl-01,clothing,180,1,087,0.9467560648918152
291,087,cl-02,clothing,000,2,080,0.8983857035636902
292,087,cl-02,clothing,090,2,085,0.9090158343315125
293,087,cl-02,clothing,180,7,103,0.8554638624191284
297,087,nm-02,normal,000,1,087,0.9401136040687561
298,087,nm-02,normal,090,2,111,0.8616223335266113
299,087,nm-02,normal,180,1,087,0.867763876914978
300,087,nm-03,normal,000,2,080,0.9499082565307617
301,087,nm-03,normal,090,2,084,0.82643061876297
302,087,nm-03,normal,180,2,080,0.8857637047767639
303,087,nm-04,normal,000,1,087,0.9236076474189758
304,087,nm-04,normal,090,3,108,0.8733276128768921
305,087,nm-04,normal,180,1,087,0.9129940271377563
306,087,nm-05,normal,000,2,080,0.9115965962409973
307,087,nm-05,normal,090,1,087,0.941148579120636
308,087,nm-05,normal,180,2,080,0.850775957107544
309,087,nm-06,normal,000,1,087,0.9641454219818115
310,087,nm-06,normal,090,1,087,0.8914878964424133
311,087,nm-06,normal,180,1,087,0.9069940447807312
312,088,cl-01,clothing,000,3,092,0.8976104855537415
313,088,cl-01,clothing,090,3,091,0.92269366979599
314,088,cl-01,clothing,180,4,114,0.8532509207725525
315,088,cl-02,clothing,000,9,092,0.8737499713897705
316,088,cl-02,clothing,090,2,091,0.9099910259246826
317,088,cl-02,clothing,180,4,078,0.9170979857444763
321,088,nm-02,normal,000,3,111,0.914725661277771
322,088,nm-02,normal,090,1,088,0.8836769461631775
323,088,nm-02,normal,180,1,088,0.8952139019966125
324,088,nm-03,normal,000,2,091,0.9038840532302856
325,088,nm-03,normal,090,2,091,0.9458671808242798
326,088,nm-04,normal,000,1,088,0.8791643381118774
327,088,nm-04,normal,090,1,088,0.948070228099823
328,088,nm-05,normal,000,1,088,0.9579166769981384
329,088,nm-05,normal,090,1,088,0.9097009301185608
330,088,nm-05,normal,180,3,092,0.8939604759216309
331,088,nm-06,normal,000,6,113,0.9224153161048889
332,088,nm-06,normal,090,4,113,0.9371283054351807
333,088,nm-06,normal,180,1,088,0.8603799343109131
334,089,cl-01,clothing,000,1,089,0.9268200993537903
335,089,cl-01,clothing,090,6,090,0.9316272139549255
336,089,cl-01,clothing,180,3,094,0.9321463704109192
337,089,cl-02,clothing,000,5,099,0.9374865293502808
338,089,cl-02,clothing,090,8,105,0.9131465554237366
339,089,cl-02,clothing,180,3,090,0.9486672878265381
343,089,nm-02,normal,000,1,089,0.9247303009033203
344,089,nm-02,normal,090,1,089,0.9485707879066467
345,089,nm-02,normal,180,1,089,0.9102417230606079
346,089,nm-03,normal,000,1,089,0.9580971002578735
347,089,nm-03,normal,090,1,089,0.9141453504562378
348,089,nm-03,normal,180,1,089,0.9605541229248047
349,089,nm-04,normal,000,3,090,0.9418442249298096
350,089,nm-04,normal,090,1,089,0.9220762252807617
351,089,nm-04,normal,180,4,094,0.9262974262237549
352,089,nm-05,normal,000,1,089,0.9066112041473389
353,089,nm-05,normal,090,1,089,0.9472940564155579
354,089,nm-05,normal,180,7,103,0.9528879523277283
355,089,nm-06,normal,000,1,089,0.9071516990661621
356,089,nm-06,normal,090,1,089,0.9009779095649719
357,089,nm-06,normal,180,8,095,0.854705274105072
358,090,cl-01,clothing,000,3,105,0.8897778987884521
359,090,cl-01,clothing,090,3,095,0.9193295836448669
360,090,cl-01,clothing,180,3,105,0.9444019198417664
361,090,cl-02,clothing,000,1,090,0.96355140209198
362,090,cl-02,clothing,090,1,090,0.9668448567390442
363,090,cl-02,clothing,180,2,117,0.9200490117073059
367,090,nm-02,normal,000,1,090,0.9508947134017944
368,090,nm-02,normal,090,1,090,0.9768410325050354
369,090,nm-02,normal,180,1,090,0.9534478783607483
370,090,nm-03,normal,000,1,090,0.9916675090789795
371,090,nm-03,normal,090,1,090,0.9149737358093262
372,090,nm-03,normal,180,1,090,0.9747320413589478
373,090,nm-04,normal,000,1,090,0.9766010046005249
374,090,nm-04,normal,090,1,090,0.9467804431915283
375,090,nm-04,normal,180,1,090,0.9654302000999451
376,090,nm-05,normal,000,1,090,0.9744589328765869
377,090,nm-05,normal,090,1,090,0.9542087912559509
378,090,nm-05,normal,180,1,090,0.9581370949745178
379,090,nm-06,normal,000,1,090,0.9294743537902832
380,090,nm-06,normal,090,1,090,0.9264456629753113
381,090,nm-06,normal,180,1,090,0.9581449627876282
382,091,cl-01,clothing,000,1,091,0.9014121890068054
383,091,cl-01,clothing,090,2,120,0.810763955116272
384,091,cl-01,clothing,180,3,120,0.840083658695221
385,091,cl-02,clothing,000,1,091,0.8926118612289429
386,091,cl-02,clothing,090,2,120,0.8987513780593872
387,091,cl-02,clothing,180,1,091,0.8183887004852295
391,091,nm-02,normal,000,1,091,0.8535729050636292
392,091,nm-02,normal,090,1,091,0.8589522838592529
393,091,nm-02,normal,180,2,120,0.9485931396484375
394,091,nm-03,normal,000,1,091,0.9591839909553528
395,091,nm-03,normal,090,1,091,0.962843120098114
396,091,nm-03,normal,180,3,120,0.9101780652999878
397,091,nm-04,normal,000,1,091,0.9531226754188538
398,091,nm-04,normal,090,1,091,0.8296064138412476
399,091,nm-04,normal,180,6,120,0.8510396480560303
400,091,nm-05,normal,000,1,091,0.8761001825332642
401,091,nm-05,normal,090,4,099,0.8604736924171448
402,091,nm-05,normal,180,1,091,0.7786277532577515
403,091,nm-06,normal,000,3,120,0.8378176093101501
404,091,nm-06,normal,090,2,099,0.843693196773529
405,091,nm-06,normal,180,3,120,0.8891310095787048
406,092,cl-01,clothing,000,3,095,0.7540761232376099
407,092,cl-01,clothing,090,4,114,0.7674198746681213
408,092,cl-01,clothing,180,20,077,0.7768347263336182
409,092,cl-02,clothing,000,6,095,0.7925711274147034
410,092,cl-02,clothing,090,7,115,0.742347776889801
411,092,cl-02,clothing,180,20,077,0.8577203154563904
415,092,nm-02,normal,000,1,092,0.9320326447486877
416,092,nm-02,normal,090,1,092,0.9670947790145874
417,092,nm-02,normal,180,1,092,0.9119086265563965
418,092,nm-03,normal,000,1,092,0.8695713877677917
419,092,nm-03,normal,090,1,092,0.9697023630142212
420,092,nm-03,normal,180,1,092,0.9314232468605042
421,092,nm-04,normal,000,1,092,0.8529008030891418
422,092,nm-04,normal,090,1,092,0.9503491520881653
423,092,nm-04,normal,180,1,092,0.9176650047302246
424,092,nm-05,normal,000,1,092,0.937992513179779
425,092,nm-05,normal,090,1,092,0.9303556084632874
426,092,nm-05,normal,180,1,092,0.9517790079116821
427,092,nm-06,normal,000,1,092,0.9526510834693909
428,092,nm-06,normal,090,1,092,0.9689009189605713
429,092,nm-06,normal,180,1,092,0.9335139393806458
430,093,cl-01,clothing,000,13,114,0.8990355730056763
431,093,cl-01,clothing,090,4,111,0.8265228271484375
432,093,cl-01,clothing,180,6,088,0.8614499568939209
433,093,cl-02,clothing,000,3,122,0.8275108933448792
434,093,cl-02,clothing,090,13,122,0.808997392654419
435,093,cl-02,clothing,180,3,114,0.8013676404953003
439,093,nm-02,normal,000,2,113,0.9268909096717834
440,093,nm-02,normal,090,7,122,0.8772042393684387
441,093,nm-02,normal,180,1,093,0.8991418480873108
442,093,nm-03,normal,000,3,111,0.8124685883522034
443,093,nm-03,normal,090,1,093,0.908765435218811
444,093,nm-03,normal,180,3,088,0.8349300622940063
445,093,nm-04,normal,000,4,098,0.8971002697944641
446,093,nm-04,normal,090,5,122,0.8464743494987488
447,093,nm-04,normal,180,13,092,0.9031714797019958
448,093,nm-05,normal,000,2,113,0.8855213522911072
449,093,nm-05,normal,090,7,078,0.8295061588287354
450,093,nm-05,normal,180,1,093,0.8899489045143127
451,093,nm-06,normal,000,2,113,0.8807854056358337
452,093,nm-06,normal,090,3,113,0.8366743326187134
453,093,nm-06,normal,180,1,093,0.9199163913726807
454,094,cl-01,clothing,000,2,103,0.919762134552002
455,094,cl-01,clothing,090,2,095,0.9261934757232666
456,094,cl-01,clothing,180,6,103,0.902327299118042
457,094,cl-02,clothing,000,2,089,0.9127345085144043
458,094,cl-02,clothing,090,2,085,0.843663215637207
459,094,cl-02,clothing,180,4,089,0.8991676568984985
463,094,nm-02,normal,000,5,095,0.807781457901001
464,094,nm-02,normal,090,3,095,0.9475076198577881
465,094,nm-02,normal,180,4,089,0.901984453201294
466,094,nm-03,normal,000,1,094,0.9928455352783203
467,094,nm-03,normal,090,2,095,0.943236768245697
468,094,nm-03,normal,180,1,094,0.8732929229736328
469,094,nm-04,normal,000,6,090,0.9614885449409485
470,094,nm-04,normal,090,4,089,0.9324313402175903
471,094,nm-04,normal,180,7,090,0.9482686519622803
472,094,nm-05,normal,000,5,099,0.8947671055793762
473,094,nm-05,normal,090,1,094,0.8848391175270081
474,094,nm-05,normal,180,4,086,0.8477856516838074
475,094,nm-06,normal,000,4,099,0.8863949775695801
476,094,nm-06,normal,090,7,092,0.8817685842514038
477,094,nm-06,normal,180,3,103,0.8989279866218567
478,095,cl-01,clothing,000,1,095,0.9514822959899902
479,095,cl-01,clothing,090,6,087,0.8177198767662048
480,095,cl-01,clothing,180,1,095,0.9579355716705322
481,095,cl-02,clothing,000,1,095,0.9726094603538513
482,095,cl-02,clothing,090,1,095,0.9288123250007629
483,095,cl-02,clothing,180,6,081,0.8883904218673706
487,095,nm-02,normal,000,1,095,0.9691411256790161
488,095,nm-02,normal,090,1,095,0.9325954914093018
489,095,nm-02,normal,180,2,090,0.9528116583824158
490,095,nm-03,normal,000,1,095,0.9658997058868408
491,095,nm-03,normal,090,1,095,0.9498111009597778
492,095,nm-03,normal,180,1,095,0.9527254700660706
493,095,nm-04,normal,000,1,095,0.979400634765625
494,095,nm-04,normal,090,2,076,0.9290704131126404
495,095,nm-04,normal,180,1,095,0.9625183343887329
496,095,nm-05,normal,000,4,090,0.9639749526977539
497,095,nm-05,normal,090,3,084,0.9010134935379028
498,095,nm-05,normal,180,2,090,0.9464489817619324
499,095,nm-06,normal,000,5,090,0.9587637782096863
500,095,nm-06,normal,090,1,095,0.9049305319786072
501,095,nm-06,normal,180,3,090,0.962547779083252
502,096,cl-01,clothing,000,1,096,0.9890271425247192
503,096,cl-01,clothing,090,1,096,0.9098207950592041
504,096,cl-01,clothing,180,1,096,0.9288874268531799
505,096,cl-02,clothing,000,1,096,0.9880560040473938
506,096,cl-02,clothing,090,1,096,0.8275673985481262
507,096,cl-02,clothing,180,1,096,0.9559995532035828
511,096,nm-02,normal,000,1,096,0.9946333765983582
512,096,nm-02,normal,090,1,096,0.9879640936851501
513,096,nm-02,normal,180,1,096,0.995564341545105
514,096,nm-03,normal,000,1,096,0.9958673119544983
515,096,nm-03,normal,090,1,096,0.982283890247345
516,096,nm-03,normal,180,1,096,0.9953150749206543
517,096,nm-04,normal,000,1,096,0.9953237175941467
518,096,nm-04,normal,090,1,096,0.9874708652496338
519,096,nm-04,normal,180,1,096,0.9898255467414856
520,096,nm-05,normal,000,1,096,0.9855351448059082
521,096,nm-05,normal,090,1,096,0.9793108105659485
522,096,nm-05,normal,180,1,096,0.9950703978538513
523,096,nm-06,normal,000,1,096,0.9948363900184631
524,096,nm-06,normal,090,1,096,0.9873539805412292
525,096,nm-06,normal,180,1,096,0.9933635592460632
526,097,cl-01,clothing,000,1,097,0.9626357555389404
527,097,cl-01,clothing,090,1,097,0.9254512786865234
528,097,cl-01,clothing,180,1,097,0.9669232368469238
529,097,cl-02,clothing,000,1,097,0.9787949919700623
530,097,cl-02,clothing,090,1,097,0.9235787987709045
531,097,cl-02,clothing,180,1,097,0.9729183912277222
535,097,nm-02,normal,000,1,097,0.9644320607185364
536,097,nm-02,normal,090,1,097,0.9779434204101562
537,097,nm-02,normal,180,1,097,0.9879545569419861
538,097,nm-03,normal,000,1,097,0.9803898334503174
539,097,nm-03,normal,090,1,097,0.9806708693504333
540,097,nm-03,normal,180,1,097,0.9830392003059387
541,097,nm-04,normal,000,1,097,0.9897840619087219
542,097,nm-04,normal,090,1,097,0.981829822063446
543,097,nm-04,normal,180,1,097,0.9590693712234497
544,097,nm-05,normal,000,1,097,0.9849448800086975
545,097,nm-05,normal,090,1,097,0.9574135541915894
546,097,nm-05,normal,180,2,104,0.9845959544181824
547,097,nm-06,normal,000,1,097,0.9756583571434021
548,097,nm-06,normal,090,1,097,0.9600152969360352
549,097,nm-06,normal,180,2,104,0.9760004281997681
550,098,cl-01,clothing,000,1,098,0.9263316988945007
551,098,cl-01,clothing,090,3,078,0.9222898483276367
552,098,cl-01,clothing,180,1,098,0.9042352437973022
553,098,cl-02,clothing,000,2,085,0.9321912527084351
554,098,cl-02,clothing,090,1,098,0.9562862515449524
555,098,cl-02,clothing,180,1,098,0.9095116257667542
559,098,nm-02,normal,000,1,098,0.9199122190475464
560,098,nm-02,normal,090,1,098,0.9364715218544006
561,098,nm-02,normal,180,1,098,0.9693979620933533
562,098,nm-03,normal,000,1,098,0.9373900294303894
563,098,nm-03,normal,090,1,098,0.8843231797218323
564,098,nm-03,normal,180,1,098,0.9658794403076172
565,098,nm-04,normal,000,4,115,0.8222370147705078
566,098,nm-04,normal,090,1,098,0.9685240983963013
567,098,nm-04,normal,180,2,119,0.9205533266067505
568,098,nm-05,normal,000,1,098,0.9247807860374451
569,098,nm-05,normal,090,1,098,0.9414232969284058
570,098,nm-05,normal,180,1,098,0.9176936149597168
571,098,nm-06,normal,000,1,098,0.8839786052703857
572,098,nm-06,normal,090,4,114,0.8912579417228699
573,098,nm-06,normal,180,1,098,0.9324886798858643
574,099,cl-01,clothing,000,10,075,0.890946626663208
575,099,cl-01,clothing,090,7,086,0.7938137054443359
576,099,cl-01,clothing,180,6,075,0.8707247376441956
577,099,cl-02,clothing,000,2,086,0.9227230548858643
578,099,cl-02,clothing,090,2,105,0.9135085344314575
579,099,cl-02,clothing,180,1,099,0.8460088968276978
583,099,nm-02,normal,000,1,099,0.8629371523857117
584,099,nm-02,normal,090,1,099,0.9354755282402039
585,099,nm-02,normal,180,1,099,0.9728119373321533
586,099,nm-03,normal,000,1,099,0.9287421107292175
587,099,nm-03,normal,090,1,099,0.913196861743927
588,099,nm-03,normal,180,2,089,0.9177076816558838
589,099,nm-04,normal,000,2,124,0.9136894345283508
590,099,nm-04,normal,090,1,099,0.9276827573776245
591,099,nm-04,normal,180,1,099,0.9376019835472107
592,099,nm-05,normal,000,1,099,0.9311121702194214
593,099,nm-05,normal,090,1,099,0.9879123568534851
594,099,nm-05,normal,180,1,099,0.9593733549118042
595,099,nm-06,normal,000,1,099,0.9059642553329468
596,099,nm-06,normal,090,2,089,0.9331571459770203
597,099,nm-06,normal,180,1,099,0.8740176558494568
598,100,cl-01,clothing,000,3,121,0.9127448797225952
599,100,cl-01,clothing,090,7,112,0.9203894734382629
600,100,cl-01,clothing,180,3,112,0.788707971572876
601,100,cl-02,clothing,000,3,121,0.8724295496940613
602,100,cl-02,clothing,090,4,112,0.8241287469863892
603,100,cl-02,clothing,180,1,100,0.6601077914237976
607,100,nm-02,normal,000,1,100,0.9781310558319092
608,100,nm-02,normal,090,1,100,0.9699621200561523
609,100,nm-02,normal,180,1,100,0.9735833406448364
610,100,nm-03,normal,000,1,100,0.9810920357704163
611,100,nm-03,normal,090,1,100,0.9424217939376831
612,100,nm-03,normal,180,1,100,0.9739652872085571
613,100,nm-04,normal,000,1,100,0.94677734375
614,100,nm-04,normal,090,1,100,0.8900575637817383
615,100,nm-04,normal,180,1,100,0.9813957810401917
616,100,nm-05,normal,000,1,100,0.9457119107246399
617,100,nm-05,normal,090,1,100,0.9024953842163086
618,100,nm-05,normal,180,1,100,0.9607545733451843
619,100,nm-06,normal,000,1,100,0.9624940156936646
620,100,nm-06,normal,090,1,100,0.9394751191139221
621,100,nm-06,normal,180,1,100,0.9784340262413025
622,101,cl-01,clothing,000,9,109,0.8016377091407776
623,101,cl-01,clothing,090,2,117,0.8518684506416321
624,101,cl-01,clothing,180,9,093,0.6967583298683167
625,101,cl-02,clothing,000,5,109,0.8950181603431702
626,101,cl-02,clothing,090,26,117,0.91058748960495
627,101,cl-02,clothing,180,2,116,0.8451314568519592
631,101,nm-02,normal,000,1,101,0.9078787565231323
632,101,nm-02,normal,090,1,101,0.857010006904602
633,101,nm-02,normal,180,1,101,0.9126888513565063
634,101,nm-03,normal,000,1,101,0.8875712752342224
635,101,nm-03,normal,090,3,117,0.8472156524658203
636,101,nm-03,normal,180,1,101,0.7969363331794739
637,101,nm-04,normal,000,1,101,0.9350451827049255
638,101,nm-04,normal,090,2,117,0.8237943053245544
639,101,nm-04,normal,180,1,101,0.8265482783317566
640,101,nm-05,normal,000,1,101,0.9066845178604126
641,101,nm-05,normal,090,1,101,0.8260484337806702
642,101,nm-05,normal,180,1,101,0.8836052417755127
643,101,nm-06,normal,000,1,101,0.9035571813583374
644,101,nm-06,normal,090,2,117,0.7824447751045227
645,101,nm-06,normal,180,1,101,0.8334187269210815
646,102,cl-01,clothing,000,1,102,0.8443735837936401
647,102,cl-01,clothing,090,1,102,0.7203817367553711
648,102,cl-01,clothing,180,3,100,0.7440412044525146
649,102,cl-02,clothing,000,1,102,0.8036167025566101
650,102,cl-02,clothing,090,2,100,0.7424577474594116
651,102,cl-02,clothing,180,4,076,0.7408871650695801
655,102,nm-02,normal,000,2,087,0.9229615330696106
656,102,nm-02,normal,090,1,102,0.8667372465133667
657,102,nm-02,normal,180,2,087,0.941133439540863
658,102,nm-03,normal,000,2,087,0.8943597674369812
659,102,nm-03,normal,090,1,102,0.9049383401870728
660,102,nm-03,normal,180,1,102,0.9000588655471802
661,102,nm-04,normal,000,2,087,0.8478060960769653
662,102,nm-04,normal,090,1,102,0.9413736462593079
663,102,nm-04,normal,180,1,102,0.8858607411384583
664,102,nm-05,normal,000,2,087,0.9275843501091003
665,102,nm-05,normal,090,1,102,0.9285351634025574
666,102,nm-05,normal,180,2,087,0.9542303085327148
667,102,nm-06,normal,000,1,102,0.8076912760734558
668,102,nm-06,normal,090,1,102,0.8692771792411804
669,102,nm-06,normal,180,1,102,0.8502705097198486
670,103,cl-01,clothing,000,8,118,0.795229971408844
671,103,cl-01,clothing,090,1,103,0.9457446932792664
672,103,cl-01,clothing,180,18,119,0.8702109456062317
673,103,cl-02,clothing,000,8,118,0.9215791821479797
674,103,cl-02,clothing,090,2,090,0.9395171403884888
675,103,cl-02,clothing,180,5,105,0.9185331463813782
679,103,nm-02,normal,000,4,118,0.9265808463096619
680,103,nm-02,normal,090,3,090,0.9150238037109375
681,103,nm-02,normal,180,4,105,0.8869696259498596
682,103,nm-03,normal,000,2,105,0.9479365944862366
683,103,nm-03,normal,090,1,103,0.9688898921012878
684,103,nm-03,normal,180,2,105,0.90765380859375
685,103,nm-04,normal,000,6,118,0.9136964082717896
686,103,nm-04,normal,090,1,103,0.8772767186164856
687,103,nm-04,normal,180,1,103,0.907970130443573
688,103,nm-05,normal,000,1,103,0.8441635966300964
689,103,nm-05,normal,090,3,089,0.9124599099159241
690,103,nm-05,normal,180,1,103,0.935867965221405
691,103,nm-06,normal,000,3,105,0.8764690160751343
692,103,nm-06,normal,090,3,089,0.8910814523696899
693,103,nm-06,normal,180,1,103,0.9078797698020935
694,104,cl-01,clothing,000,2,121,0.9325571060180664
695,104,cl-01,clothing,090,2,097,0.8652548789978027
696,104,cl-01,clothing,180,2,100,0.9439396262168884
697,104,cl-02,clothing,000,2,121,0.9030457139015198
698,104,cl-02,clothing,090,2,097,0.7960720658302307
699,104,cl-02,clothing,180,3,097,0.8703533411026001
703,104,nm-02,normal,000,2,121,0.9179021120071411
704,104,nm-02,normal,090,1,104,0.9619197249412537
705,104,nm-02,normal,180,1,104,0.970349907875061
706,104,nm-03,normal,000,2,121,0.9372144341468811
707,104,nm-03,normal,090,1,104,0.9605386853218079
708,104,nm-03,normal,180,1,104,0.9575655460357666
709,104,nm-04,normal,000,1,104,0.9551208019256592
710,104,nm-04,normal,090,1,104,0.9625152349472046
711,104,nm-04,normal,180,1,104,0.9704650044441223
712,104,nm-05,normal,000,1,104,0.9493933916091919
713,104,nm-05,normal,090,1,104,0.956400454044342
714,104,nm-05,normal,180,3,097,0.9020516276359558
715,104,nm-06,normal,000,1,104,0.888687252998352
716,104,nm-06,normal,090,1,104,0.9734048247337341
717,104,nm-06,normal,180,2,121,0.9669168591499329
718,105,cl-01,clothing,000,7,090,0.8488734364509583
719,105,cl-01,clothing,090,1,105,0.9255678653717041
720,105,cl-01,clothing,180,1,105,0.9419364333152771
721,105,cl-02,clothing,000,4,080,0.8657091856002808
722,105,cl-02,clothing,090,1,105,0.9265263676643372
723,105,cl-02,clothing,180,3,111,0.8959057927131653
727,105,nm-02,normal,000,1,105,0.937749445438385
728,105,nm-02,normal,090,1,105,0.9119529724121094
729,105,nm-02,normal,180,1,105,0.9347754716873169
730,105,nm-03,normal,000,2,118,0.9325006008148193
731,105,nm-03,normal,090,1,105,0.9343734979629517
732,105,nm-03,normal,180,1,105,0.9348304271697998
733,105,nm-04,normal,000,1,105,0.9347667694091797
734,105,nm-04,normal,090,3,090,0.9041220545768738
735,105,nm-04,normal,180,1,105,0.9146308898925781
736,105,nm-05,normal,000,1,105,0.9520295858383179
737,105,nm-05,normal,090,9,077,0.8856630921363831
738,105,nm-05,normal,180,1,105,0.8835184574127197
739,105,nm-06,normal,000,1,105,0.9483151435852051
740,105,nm-06,normal,090,1,105,0.9142991304397583
741,105,nm-06,normal,180,1,105,0.9392433762550354
742,106,cl-01,clothing,000,1,106,0.9842299222946167
743,106,cl-01,clothing,090,4,118,0.9008873701095581
744,106,cl-01,clothing,180,1,106,0.8869040012359619
745,106,cl-02,clothing,000,3,115,0.9555113911628723
746,106,cl-02,clothing,090,2,077,0.8910096287727356
747,106,cl-02,clothing,180,1,106,0.9402675032615662
751,106,nm-02,normal,000,1,106,0.9801467657089233
752,106,nm-02,normal,090,3,077,0.9511739611625671
753,106,nm-02,normal,180,1,106,0.9712450504302979
754,106,nm-03,normal,000,1,106,0.9758933186531067
755,106,nm-03,normal,090,2,077,0.9663403630256653
756,106,nm-03,normal,180,1,106,0.9811577200889587
757,106,nm-04,normal,000,1,106,0.975331723690033
758,106,nm-04,normal,090,2,077,0.9551028609275818
759,106,nm-04,normal,180,1,106,0.9710080027580261
760,106,nm-05,normal,000,3,115,0.9566322565078735
761,106,nm-05,normal,090,2,077,0.9547138810157776
762,106,nm-05,normal,180,1,106,0.9500603675842285
763,106,nm-06,normal,000,3,115,0.9508134126663208
764,106,nm-06,normal,090,2,077,0.9643522500991821
765,106,nm-06,normal,180,1,106,0.9633141756057739
766,107,cl-01,clothing,000,1,107,0.8829004168510437
767,107,cl-01,clothing,090,1,107,0.9426262974739075
768,107,cl-01,clothing,180,1,107,0.9580127596855164
769,107,cl-02,clothing,000,1,107,0.9713079929351807
770,107,cl-02,clothing,090,1,107,0.9167637825012207
771,107,cl-02,clothing,180,1,107,0.9363041520118713
775,107,nm-02,normal,000,1,107,0.9835711121559143
776,107,nm-02,normal,090,1,107,0.9637904167175293
777,107,nm-02,normal,180,1,107,0.9877477884292603
778,107,nm-03,normal,000,1,107,0.9934616088867188
779,107,nm-03,normal,090,1,107,0.9488916397094727
780,107,nm-03,normal,180,1,107,0.9847257733345032
781,107,nm-04,normal,000,1,107,0.9810631275177002
782,107,nm-04,normal,090,1,107,0.9529639482498169
783,107,nm-04,normal,180,1,107,0.9825780391693115
784,107,nm-05,normal,000,1,107,0.9578654766082764
785,107,nm-05,normal,090,1,107,0.9526385068893433
786,107,nm-05,normal,180,1,107,0.9851925373077393
787,107,nm-06,normal,000,1,107,0.960828423500061
788,107,nm-06,normal,090,1,107,0.9506878852844238
789,107,nm-06,normal,180,1,107,0.9734293222427368
790,108,cl-01,clothing,000,1,108,0.8844184279441833
791,108,cl-01,clothing,090,1,108,0.8825795650482178
792,108,cl-01,clothing,180,1,108,0.9270219206809998
793,108,cl-02,clothing,000,1,108,0.8908092975616455
794,108,cl-02,clothing,090,1,108,0.8712958693504333
795,108,cl-02,clothing,180,1,108,0.9291921257972717
799,108,nm-02,normal,000,1,108,0.9673145413398743
800,108,nm-02,normal,090,1,108,0.8886862993240356
801,108,nm-02,normal,180,1,108,0.8956390023231506
802,108,nm-03,normal,000,1,108,0.7976378798484802
803,108,nm-03,normal,090,1,108,0.9747816920280457
804,108,nm-03,normal,180,1,108,0.9238964915275574
805,108,nm-04,normal,000,1,108,0.9770328998565674
806,108,nm-04,normal,090,1,108,0.9872342348098755
807,108,nm-04,normal,180,1,108,0.9688223004341125
808,108,nm-05,normal,000,1,108,0.9251307845115662
809,108,nm-05,normal,090,1,108,0.9310805797576904
810,108,nm-05,normal,180,1,108,0.9090207815170288
811,108,nm-06,normal,000,1,108,0.9669075608253479
812,108,nm-06,normal,090,1,108,0.8951826095581055
813,108,nm-06,normal,180,1,108,0.9451742172241211
814,109,cl-01,clothing,000,28,118,0.7900386452674866
815,109,cl-01,clothing,090,28,112,0.8495305776596069
816,109,cl-01,clothing,180,24,112,0.8067616820335388
817,109,cl-02,clothing,000,42,102,0.7729343771934509
818,109,cl-02,clothing,090,22,112,0.863312840461731
819,109,cl-02,clothing,180,37,112,0.6940932273864746
823,109,nm-02,normal,090,1,109,0.950706958770752
824,109,nm-02,normal,180,1,109,0.8745267987251282
825,109,nm-03,normal,000,1,109,0.9357763528823853
826,109,nm-03,normal,090,1,109,0.948138952255249
827,109,nm-03,normal,180,1,109,0.7829538583755493
828,109,nm-04,normal,000,1,109,0.8479554653167725
829,109,nm-04,normal,090,1,109,0.9268405437469482
830,109,nm-04,normal,180,28,079,0.8380228877067566
831,109,nm-05,normal,000,1,109,0.9690024852752686
832,109,nm-05,normal,090,1,109,0.9681638479232788
833,109,nm-05,normal,180,5,093,0.7842859029769897
834,109,nm-06,normal,000,1,109,0.895984947681427
835,109,nm-06,normal,090,1,109,0.9848253726959229
836,109,nm-06,normal,180,4,083,0.7084569334983826
837,110,cl-01,clothing,000,5,100,0.7177071571350098
838,110,cl-01,clothing,090,12,083,0.6813515424728394
839,110,cl-01,clothing,180,4,100,0.8096743226051331
840,110,cl-02,clothing,000,5,096,0.8376498818397522
841,110,cl-02,clothing,090,10,083,0.8441613912582397
842,110,cl-02,clothing,180,2,121,0.8249031901359558
846,110,nm-02,normal,000,4,097,0.8524619936943054
847,110,nm-02,normal,090,7,104,0.7380795478820801
848,110,nm-02,normal,180,2,100,0.9377058744430542
849,110,nm-03,normal,000,1,110,0.9758985638618469
850,110,nm-03,normal,090,1,110,0.8753299713134766
851,110,nm-03,normal,180,2,121,0.947209894657135
852,110,nm-04,normal,000,1,110,0.9464104175567627
853,110,nm-04,normal,090,1,110,0.8179333806037903
854,110,nm-04,normal,180,3,108,0.8899388313293457
855,110,nm-05,normal,000,1,110,0.9586743116378784
856,110,nm-05,normal,090,1,110,0.7609096765518188
857,110,nm-05,normal,180,1,110,0.8658499121665955
858,110,nm-06,normal,000,4,104,0.8625941872596741
859,110,nm-06,normal,090,5,100,0.8388185501098633
860,110,nm-06,normal,180,1,110,0.9347700476646423
861,111,cl-01,clothing,000,2,078,0.8333494067192078
862,111,cl-01,clothing,090,2,080,0.890756368637085
863,111,cl-01,clothing,180,3,078,0.8651995658874512
864,111,cl-02,clothing,000,3,098,0.8498438000679016
865,111,cl-02,clothing,090,1,111,0.8739733099937439
866,111,cl-02,clothing,180,7,098,0.8874285221099854
870,111,nm-02,normal,000,1,111,0.9498105049133301
871,111,nm-02,normal,090,2,109,0.8890159726142883
872,111,nm-02,normal,180,1,111,0.8423259854316711
873,111,nm-03,normal,000,1,111,0.9618086814880371
874,111,nm-03,normal,090,2,109,0.9228972792625427
875,111,nm-03,normal,180,1,111,0.8582167625427246
876,111,nm-04,normal,000,1,111,0.9667918682098389
877,111,nm-04,normal,090,1,111,0.9452115893363953
878,111,nm-04,normal,180,1,111,0.8905465006828308
879,111,nm-05,normal,000,2,113,0.8781142234802246
880,111,nm-05,normal,090,1,111,0.9305825233459473
881,111,nm-05,normal,180,1,111,0.9770339131355286
882,111,nm-06,normal,000,1,111,0.881706953048706
883,111,nm-06,normal,090,1,111,0.9222085475921631
884,111,nm-06,normal,180,1,111,0.8746657967567444
885,112,cl-01,clothing,000,29,099,0.8544947504997253
886,112,cl-01,clothing,090,38,113,0.9417425394058228
887,112,cl-01,clothing,180,29,124,0.9329178929328918
888,112,cl-02,clothing,000,20,080,0.8670867681503296
889,112,cl-02,clothing,090,34,076,0.8642527461051941
890,112,cl-02,clothing,180,25,124,0.8994686007499695
894,112,nm-02,normal,000,1,112,0.8737984299659729
895,112,nm-02,normal,090,1,112,0.9319306015968323
896,112,nm-02,normal,180,1,112,0.9178579449653625
897,112,nm-03,normal,000,1,112,0.8295775651931763
898,112,nm-03,normal,090,1,112,0.9304352402687073
899,112,nm-03,normal,180,1,112,0.917365550994873
900,112,nm-04,normal,000,1,112,0.9660571813583374
901,112,nm-04,normal,090,1,112,0.8791406154632568
902,112,nm-04,normal,180,1,112,0.9746447801589966
903,112,nm-05,normal,000,1,112,0.8797895312309265
904,112,nm-05,normal,090,1,112,0.9154735803604126
905,112,nm-05,normal,180,1,112,0.9585996866226196
906,112,nm-06,normal,000,1,112,0.9384303689002991
907,112,nm-06,normal,090,1,112,0.797696053981781
908,112,nm-06,normal,180,1,112,0.9790076613426208
909,113,cl-01,clothing,000,17,092,0.9016941785812378
910,113,cl-01,clothing,090,2,111,0.8122540712356567
911,113,cl-01,clothing,180,8,078,0.8942068815231323
912,113,cl-02,clothing,000,4,111,0.8659574389457703
913,113,cl-02,clothing,090,3,111,0.8465859293937683
914,113,cl-02,clothing,180,4,111,0.8718950748443604
918,113,nm-02,normal,000,2,111,0.8938120603561401
919,113,nm-02,normal,090,3,111,0.8776035904884338
920,113,nm-02,normal,180,5,111,0.8962181210517883
921,113,nm-03,normal,000,2,111,0.8798290491104126
922,113,nm-03,normal,090,13,111,0.963967502117157
923,113,nm-03,normal,180,1,113,0.939789354801178
924,113,nm-04,normal,000,1,113,0.9642383456230164
925,113,nm-04,normal,090,3,087,0.8128617405891418
926,113,nm-04,normal,180,2,122,0.9142287969589233
927,113,nm-05,normal,000,2,111,0.9043592810630798
928,113,nm-05,normal,090,3,111,0.9020388126373291
929,113,nm-05,normal,180,6,093,0.9090937972068787
930,113,nm-06,normal,000,1,113,0.9155593514442444
931,113,nm-06,normal,090,2,111,0.8221766948699951
932,113,nm-06,normal,180,4,093,0.9256410598754883
933,114,cl-01,clothing,000,1,114,0.9408406615257263
934,114,cl-01,clothing,090,1,114,0.8937393426895142
935,114,cl-01,clothing,180,1,114,0.934906542301178
936,114,cl-02,clothing,000,1,114,0.9277383089065552
937,114,cl-02,clothing,090,1,114,0.9271395802497864
938,114,cl-02,clothing,180,1,114,0.9672535061836243
942,114,nm-02,normal,000,1,114,0.9514047503471375
943,114,nm-02,normal,090,1,114,0.9887188076972961
944,114,nm-02,normal,180,1,114,0.9881624579429626
945,114,nm-03,normal,000,1,114,0.9698150753974915
946,114,nm-03,normal,090,1,114,0.9709322452545166
947,114,nm-03,normal,180,1,114,0.9925884008407593
948,114,nm-04,normal,000,1,114,0.9672539234161377
949,114,nm-04,normal,090,1,114,0.991887629032135
950,114,nm-04,normal,180,1,114,0.9690406322479248
951,114,nm-05,normal,000,1,114,0.9629801511764526
952,114,nm-05,normal,090,1,114,0.9810559749603271
953,114,nm-05,normal,180,1,114,0.93517005443573
954,114,nm-06,normal,000,1,114,0.9778245091438293
955,114,nm-06,normal,090,1,114,0.9641051888465881
956,114,nm-06,normal,180,1,114,0.9696618914604187
957,115,cl-01,clothing,000,2,119,0.888710618019104
958,115,cl-01,clothing,090,2,105,0.8329095840454102
959,115,cl-01,clothing,180,3,119,0.8937129378318787
960,115,cl-02,clothing,000,2,119,0.8297200202941895
961,115,cl-02,clothing,090,2,105,0.8919647932052612
962,115,cl-02,clothing,180,2,119,0.8656633496284485
966,115,nm-02,normal,000,1,115,0.891181468963623
967,115,nm-02,normal,090,1,115,0.9634830355644226
968,115,nm-02,normal,180,1,115,0.9356859922409058
969,115,nm-03,normal,000,1,115,0.9309239983558655
970,115,nm-03,normal,090,1,115,0.9738726019859314
971,115,nm-03,normal,180,1,115,0.9486151337623596
972,115,nm-04,normal,000,1,115,0.8848917484283447
973,115,nm-04,normal,090,1,115,0.9499630928039551
974,115,nm-04,normal,180,1,115,0.9249861240386963
975,115,nm-05,normal,000,2,119,0.9380429983139038
976,115,nm-05,normal,090,2,119,0.953717052936554
977,115,nm-05,normal,180,1,115,0.9511675238609314
978,115,nm-06,normal,000,1,115,0.915883481502533
979,115,nm-06,normal,090,4,106,0.9106366038322449
980,115,nm-06,normal,180,1,115,0.9649214744567871
981,116,cl-01,clothing,000,12,109,0.835970401763916
982,116,cl-01,clothing,090,1,116,0.9028106927871704
983,116,cl-01,clothing,180,8,106,0.838759183883667
984,116,cl-02,clothing,000,18,109,0.79066401720047
985,116,cl-02,clothing,090,1,116,0.9613552093505859
986,116,cl-02,clothing,180,16,109,0.8595674633979797
990,116,nm-02,normal,000,1,116,0.8325278162956238
991,116,nm-02,normal,090,1,116,0.952774167060852
992,116,nm-02,normal,180,1,116,0.88566654920578
993,116,nm-03,normal,000,3,079,0.8470045924186707
994,116,nm-03,normal,090,1,116,0.9015114307403564
995,116,nm-03,normal,180,1,116,0.8755472302436829
996,116,nm-04,normal,000,1,116,0.8710450530052185
997,116,nm-04,normal,090,1,116,0.9512284994125366
998,116,nm-04,normal,180,2,101,0.70496666431427
999,116,nm-05,normal,000,1,116,0.8531796932220459
1000,116,nm-05,normal,090,2,078,0.9629544615745544
1001,116,nm-05,normal,180,1,116,0.8321194648742676
1002,116,nm-06,normal,000,2,079,0.6677985191345215
1003,116,nm-06,normal,090,1,116,0.9416964054107666
1004,116,nm-06,normal,180,1,116,0.8904790282249451
1005,117,cl-01,clothing,000,1,117,0.8665370345115662
1006,117,cl-01,clothing,090,1,117,0.7464311122894287
1007,117,cl-01,clothing,180,1,117,0.8990737199783325
1008,117,cl-02,clothing,000,1,117,0.8386474251747131
1009,117,cl-02,clothing,090,1,117,0.8188250064849854
1010,117,cl-02,clothing,180,1,117,0.8154926896095276
1014,117,nm-02,normal,000,1,117,0.8850730657577515
1015,117,nm-02,normal,090,1,117,0.9461320042610168
1016,117,nm-02,normal,180,1,117,0.9693374037742615
1017,117,nm-03,normal,000,1,117,0.8825355768203735
1018,117,nm-03,normal,090,1,117,0.9079968929290771
1019,117,nm-03,normal,180,1,117,0.9563921093940735
1020,117,nm-04,normal,000,1,117,0.9159514904022217
1021,117,nm-04,normal,090,1,117,0.8356587886810303
1022,117,nm-04,normal,180,1,117,0.9776327013969421
1023,117,nm-05,normal,000,1,117,0.891370415687561
1024,117,nm-05,normal,090,1,117,0.8730592131614685
1025,117,nm-05,normal,180,1,117,0.8906570076942444
1026,117,nm-06,normal,000,1,117,0.9132108688354492
1027,117,nm-06,normal,090,1,117,0.9534798860549927
1028,117,nm-06,normal,180,1,117,0.9755541682243347
1029,118,cl-01,clothing,000,15,112,0.7607702612876892
1030,118,cl-01,clothing,090,6,112,0.8161343932151794
1031,118,cl-01,clothing,180,21,112,0.8031560182571411
1032,118,cl-02,clothing,000,16,112,0.8055421113967896
1033,118,cl-02,clothing,090,3,112,0.8009859919548035
1034,118,cl-02,clothing,180,26,101,0.7760900259017944
1038,118,nm-02,normal,000,1,118,0.9566897749900818
1039,118,nm-02,normal,090,1,118,0.8919941186904907
1040,118,nm-02,normal,180,2,082,0.9500686526298523
1041,118,nm-03,normal,000,3,105,0.902779221534729
1042,118,nm-03,normal,090,1,118,0.8943445086479187
1043,118,nm-03,normal,180,2,082,0.9313139915466309
1044,118,nm-04,normal,000,3,115,0.9712555408477783
1045,118,nm-04,normal,090,1,118,0.9130119681358337
1046,118,nm-04,normal,180,1,118,0.9599917531013489
1047,118,nm-05,normal,000,3,105,0.9395667314529419
1048,118,nm-05,normal,090,1,118,0.8952059149742126
1049,118,nm-05,normal,180,1,118,0.890465497970581
1050,118,nm-06,normal,000,2,115,0.9382949471473694
1051,118,nm-06,normal,090,1,118,0.8816696405410767
1052,118,nm-06,normal,180,1,118,0.9340179562568665
1053,119,cl-01,clothing,000,1,119,0.9547644853591919
1054,119,cl-01,clothing,090,4,106,0.8942056894302368
1055,119,cl-01,clothing,180,1,119,0.9377265572547913
1056,119,cl-02,clothing,000,1,119,0.9168305993080139
1057,119,cl-02,clothing,090,6,105,0.8351241946220398
1058,119,cl-02,clothing,180,1,119,0.8437138795852661
1062,119,nm-02,normal,000,1,119,0.882845401763916
1063,119,nm-02,normal,090,5,077,0.9008991718292236
1064,119,nm-02,normal,180,1,119,0.9115753769874573
1065,119,nm-03,normal,000,3,115,0.9081640243530273
1066,119,nm-03,normal,090,1,119,0.9426624178886414
1067,119,nm-03,normal,180,1,119,0.9066538214683533
1068,119,nm-04,normal,000,1,119,0.8827496767044067
1069,119,nm-04,normal,090,4,115,0.9518833756446838
1070,119,nm-04,normal,180,1,119,0.9531808495521545
1071,119,nm-05,normal,000,1,119,0.9422689080238342
1072,119,nm-05,normal,090,2,115,0.9734750390052795
1073,119,nm-05,normal,180,1,119,0.9642948508262634
1074,119,nm-06,normal,000,1,119,0.9476176500320435
1075,119,nm-06,normal,090,1,119,0.9558369517326355
1076,119,nm-06,normal,180,1,119,0.9586971402168274
1077,120,cl-01,clothing,000,1,120,0.8898910880088806
1078,120,cl-01,clothing,090,1,120,0.7078163027763367
1079,120,cl-01,clothing,180,1,120,0.7648314833641052
1080,120,cl-02,clothing,000,1,120,0.923040509223938
1081,120,cl-02,clothing,090,5,088,0.8708997964859009
1082,120,cl-02,clothing,180,2,114,0.8551903367042542
1086,120,nm-02,normal,000,2,109,0.92898029088974
1087,120,nm-02,normal,090,2,106,0.9603633284568787
1088,120,nm-02,normal,180,2,091,0.9608030319213867
1089,120,nm-03,normal,000,2,109,0.8463155627250671
1090,120,nm-03,normal,090,1,120,0.8268468976020813
1091,120,nm-03,normal,180,2,091,0.8722169995307922
1092,120,nm-04,normal,000,2,109,0.9653185606002808
1093,120,nm-04,normal,090,1,120,0.8106842041015625
1094,120,nm-04,normal,180,1,120,0.935981035232544
1095,120,nm-05,normal,000,2,109,0.9447331428527832
1096,120,nm-05,normal,090,3,114,0.8939307928085327
1097,120,nm-05,normal,180,1,120,0.9701793193817139
1098,120,nm-06,normal,000,3,114,0.8331460356712341
1099,120,nm-06,normal,090,30,114,0.7780745029449463
1100,120,nm-06,normal,180,10,114,0.8832187652587891
1101,121,cl-01,clothing,000,5,108,0.7574231624603271
1102,121,cl-01,clothing,090,2,086,0.8280946016311646
1103,121,cl-01,clothing,180,7,108,0.7860938310623169
1104,121,cl-02,clothing,000,3,108,0.8335556387901306
1105,121,cl-02,clothing,090,11,090,0.8072729110717773
1106,121,cl-02,clothing,180,4,108,0.8037534952163696
1110,121,nm-02,normal,000,1,121,0.9814966917037964
1111,121,nm-02,normal,090,1,121,0.8481566309928894
1112,121,nm-02,normal,180,1,121,0.9413169622421265
1113,121,nm-03,normal,000,1,121,0.9643768072128296
1114,121,nm-03,normal,090,1,121,0.9417107105255127
1115,121,nm-03,normal,180,1,121,0.9466752409934998
1116,121,nm-04,normal,000,1,121,0.935308039188385
1117,121,nm-04,normal,090,1,121,0.9326800107955933
1118,121,nm-04,normal,180,1,121,0.943056583404541
1119,121,nm-05,normal,000,1,121,0.945039689540863
1120,121,nm-05,normal,090,1,121,0.9396878480911255
1121,121,nm-05,normal,180,1,121,0.9672899842262268
1122,121,nm-06,normal,000,1,121,0.9807738661766052
1123,121,nm-06,normal,090,1,121,0.9918242692947388
1124,121,nm-06,normal,180,1,121,0.9584867358207703
1125,122,cl-01,clothing,000,1,122,0.9241194725036621
1126,122,cl-01,clothing,090,3,112,0.8415845036506653
1127,122,cl-01,clothing,180,2,098,0.7359716892242432
1128,122,cl-02,clothing,000,1,122,0.8904643654823303
1129,122,cl-02,clothing,090,1,122,0.8118082880973816
1130,122,cl-02,clothing,180,1,122,0.7621102333068848
1134,122,nm-02,normal,000,1,122,0.9754977226257324
1135,122,nm-02,normal,090,1,122,0.9641898274421692
1136,122,nm-02,normal,180,1,122,0.9819949269294739
1137,122,nm-03,normal,000,1,122,0.9029693603515625
1138,122,nm-03,normal,090,1,122,0.9563695192337036
1139,122,nm-03,normal,180,1,122,0.9767429828643799
1140,122,nm-04,normal,000,1,122,0.980102002620697
1141,122,nm-04,normal,090,1,122,0.9757657647132874
1142,122,nm-04,normal,180,1,122,0.9056017398834229
1143,122,nm-05,normal,000,1,122,0.9745712280273438
1144,122,nm-05,normal,090,1,122,0.9792584776878357
1145,122,nm-05,normal,180,1,122,0.937807023525238
1146,122,nm-06,normal,000,1,122,0.9644187688827515
1147,122,nm-06,normal,090,1,122,0.9534695744514465
1148,122,nm-06,normal,180,1,122,0.9544497132301331
1149,123,cl-01,clothing,000,2,076,0.9067562222480774
1150,123,cl-01,clothing,090,4,124,0.8567638993263245
1151,123,cl-01,clothing,180,1,123,0.875995934009552
1152,123,cl-02,clothing,000,1,123,0.8599287867546082
1153,123,cl-02,clothing,090,6,076,0.8124186396598816
1154,123,cl-02,clothing,180,2,086,0.8240377902984619
1158,123,nm-02,normal,000,1,123,0.9274066686630249
1159,123,nm-02,normal,090,1,123,0.9055116772651672
1160,123,nm-02,normal,180,1,123,0.9733392000198364
1161,123,nm-03,normal,000,1,123,0.9607678055763245
1162,123,nm-03,normal,090,1,123,0.8773461580276489
1163,123,nm-03,normal,180,1,123,0.9699877500534058
1164,123,nm-04,normal,000,1,123,0.973493218421936
1165,123,nm-04,normal,090,1,123,0.8886229395866394
1166,123,nm-04,normal,180,1,123,0.9559069275856018
1167,123,nm-05,normal,000,1,123,0.9811205863952637
1168,123,nm-05,normal,090,1,123,0.8813925981521606
1169,123,nm-05,normal,180,1,123,0.9687540531158447
1170,123,nm-06,normal,000,1,123,0.9482114911079407
1171,123,nm-06,normal,090,1,123,0.7882146239280701
1172,123,nm-06,normal,180,1,123,0.9635781645774841
1173,124,cl-01,clothing,000,9,088,0.8822928667068481
1174,124,cl-01,clothing,090,2,099,0.8726257681846619
1175,124,cl-01,clothing,180,6,114,0.8604791760444641
1176,124,cl-02,clothing,000,4,092,0.798909604549408
1177,124,cl-02,clothing,090,3,099,0.8721317052841187
1178,124,cl-02,clothing,180,1,124,0.8899831771850586
1182,124,nm-02,normal,000,2,120,0.815524160861969
1183,124,nm-02,normal,090,2,113,0.8683401346206665
1184,124,nm-02,normal,180,1,124,0.9688498377799988
1185,124,nm-03,normal,000,1,124,0.9686823487281799
1186,124,nm-03,normal,090,1,124,0.976659893989563
1187,124,nm-03,normal,180,1,124,0.9663240313529968
1188,124,nm-04,normal,000,1,124,0.9251036047935486
1189,124,nm-04,normal,090,2,099,0.9178779125213623
1190,124,nm-04,normal,180,1,124,0.9840766191482544
1191,124,nm-05,normal,000,1,124,0.9104800820350647
1192,124,nm-05,normal,090,1,124,0.9864025712013245
1193,124,nm-05,normal,180,1,124,0.9904345870018005
1194,124,nm-06,normal,000,1,124,0.9255175590515137
1195,124,nm-06,normal,090,1,124,0.9603633284568787
1196,124,nm-06,normal,180,1,124,0.9028184413909912
